V-Gene Alpha,CDR3 Alpha,J-Gene Alpha,V-Gene Beta,CDR3 Beta,J-Gene Beta,Status,RF score,RF score1
TRAV12-2,AVNLWDSGGGADGLT,TRAJ45,TRBV13,ASSLLLAGAGANVLT,TRBJ2-6,1,0.773333333,0.76
TRAV12-2,AVNLYAGNNRKLI,TRAJ38,TRBV19,ASSLAGDYNEQF,TRBJ2-1,1,0.76,0.793333333
TRAV12-2,AVKAGKLT,TRAJ52,TRBV12-4,ASRNLPLGVSSDTQY,TRBJ2-3,1,0.68,0.766666667
TRAV12-2,AAGLGGNQFY,TRAJ49,TRBV9,ASSAELNSYEQY,TRBJ2-7,1,0.86,0.893333333
TRAV12-2,ADNTGFQKLV,TRAJ44,TRBV7-2,ASSYSGGWGAF,TRBJ1-1,1,0.58,0.546666667
TRAV12-2,AVSLNAGNNRKLI,TRAJ38,TRBV7-2,ASSKPGQGLTEAF,TRBJ1-1,1,0.64,0.7
TRAV12-2,AVNTFNNAGNMLT,TRAJ39,TRBV5-6,ASSLGLVRNEQF,TRBJ2-1,1,0.82,0.866666667
TRAV12-2,AAQADRGSTLGRLY,TRAJ18,TRBV5-1,ASSPLGQSSYNEQF,TRBJ2-1,1,0.526666667,0.626666667
TRAV12-2,APSTSGTYKYI,TRAJ40,TRBV6-1,ASSEGDSGANVLT,TRBJ2-6,1,0.66,0.626666667
TRAV12-2,AVMGNTPLV,TRAJ29,TRBV19,ASSMEGSPPMGTEAF,TRBJ1-1,1,0.666666667,0.6
TRAV12-2,AVLAGTALI,TRAJ15,TRBV7-9,ASSTNSYEQY,TRBJ2-7,1,0.906666667,0.846666667
TRAV12-2,AVNTLDEVSYDKVI,TRAJ50,TRBV5-6,ASSLGAYEQY,TRBJ2-7,1,0.88,0.886666667
TRAV12-2,AVIGSSNTGKLI,TRAJ37,TRBV20-1,SAPSGERTVYEQF,TRBJ2-1,0,0.5,0.666666667
TRAV12-2,AVIRPSNSGYALN,TRAJ41,TRBV20-1,SASPGTSAAGELF,TRBJ2-2,0,0.553333333,0.673333333
TRAV12-2,AVDAGKST,TRAJ27,TRBV29-1,SVEGGASGSGEQY,TRBJ2-7,0,0.526666667,0.673333333
TRAV12-2,AVRGYDMR,TRAJ43,TRBV29-1,SVEHPLTGSYGYT,TRBJ1-2,0,0.32,0.52
TRAV12-2,AVNRFSDGQKLL,TRAJ16,TRBV29-1,SVDSNTEAF,TRBJ1-1,0,0.733333333,0.86
TRAV12-2,AVKGFGNVLH,TRAJ35,TRBV29-1,SVEWTDNEQF,TRBJ2-1,0,0.633333333,0.76
TRAV17,AIRIYNQGGKLI,TRAJ23,TRBV13,ASSLSSGDEQY,TRBJ2-7,0,0.553333333,0.633333333
TRAV1-2,AVKDSNYQLI,TRAJ33,TRBV4-2,ASSQGTETGELF,TRBJ2-2,0,0.12,0.126666667
